filename,result
test_1.jpg,390
test_2.jpg,150
test_3.jpg,775
test_4.jpg,682
test_5.jpg,538
test_6.jpg,278
test_7.jpg,895
test_8.jpg,744
test_9.jpg,239
test_10.jpg,421
test_11.jpg,248
test_12.jpg,429
test_13.jpg,1067
test_14.jpg,182
test_15.jpg,653
test_16.jpg,663
test_17.jpg,323
test_18.jpg,486
test_19.jpg,710
test_20.jpg,594
test_21.jpg,529
test_22.jpg,542
test_23.jpg,755
test_24.jpg,450
test_25.jpg,229
test_26.jpg,858
test_27.jpg,582
test_28.jpg,388
test_29.jpg,1611
test_30.jpg,229
test_31.jpg,216
test_32.jpg,449
test_33.jpg,581
test_34.jpg,619
test_35.jpg,475
test_36.jpg,234
test_37.jpg,698
test_38.jpg,196
test_39.jpg,648
test_40.jpg,514
test_41.jpg,359
test_42.jpg,331
test_43.jpg,410
test_44.jpg,199
test_45.jpg,3152
test_46.jpg,232
test_47.jpg,554
test_48.jpg,277
test_49.jpg,692
test_50.jpg,517
test_51.jpg,546
test_52.jpg,95
test_53.jpg,489
test_54.jpg,501
test_55.jpg,372
test_56.jpg,501
test_57.jpg,451
test_58.jpg,609
test_59.jpg,264
test_60.jpg,1225
test_61.jpg,534
test_62.jpg,800
test_63.jpg,2189
test_64.jpg,429
test_65.jpg,690
test_66.jpg,745
test_67.jpg,268
test_68.jpg,334
test_69.jpg,409
test_70.jpg,512
test_71.jpg,374
test_72.jpg,754
test_73.jpg,515
test_74.jpg,527
test_75.jpg,371
test_76.jpg,271
test_77.jpg,630
test_78.jpg,370
test_79.jpg,983
test_80.jpg,578
test_81.jpg,182
test_82.jpg,15
test_83.jpg,762
test_84.jpg,926
test_85.jpg,260
test_86.jpg,744
test_87.jpg,456
test_88.jpg,64
test_89.jpg,483
test_90.jpg,248
test_91.jpg,779
test_92.jpg,324
test_93.jpg,787
test_94.jpg,507
test_95.jpg,569
test_96.jpg,553
test_97.jpg,727
test_98.jpg,584
test_99.jpg,668
test_100.jpg,214
test_101.jpg,154
test_102.jpg,3152
test_103.jpg,366
test_104.jpg,168
test_105.jpg,236
test_106.jpg,587
test_107.jpg,606
test_108.jpg,826
test_109.jpg,585
test_110.jpg,104
test_111.jpg,146
test_112.jpg,809
test_113.jpg,855
test_114.jpg,54
test_115.jpg,743
test_116.jpg,246
test_117.jpg,226
test_118.jpg,966
test_119.jpg,10366
test_120.jpg,448
test_121.jpg,305
test_122.jpg,174
test_123.jpg,920
test_124.jpg,653
test_125.jpg,393
test_126.jpg,392
test_127.jpg,749
test_128.jpg,130
test_129.jpg,733
test_130.jpg,331
test_131.jpg,826
test_132.jpg,523
test_133.jpg,916
test_134.jpg,813
test_135.jpg,530
test_136.jpg,173
test_137.jpg,1190
test_138.jpg,414
test_139.jpg,603
test_140.jpg,590
test_141.jpg,244
test_142.jpg,91
test_143.jpg,1044
test_144.jpg,922
test_145.jpg,291
test_146.jpg,838
test_147.jpg,13552
test_148.jpg,35604
test_149.jpg,784
test_150.jpg,631
test_151.jpg,353
test_152.jpg,236
test_153.jpg,277
test_154.jpg,708
test_155.jpg,23
test_156.jpg,589
test_157.jpg,244
test_158.jpg,413
test_159.jpg,249
test_160.jpg,111
test_161.jpg,555
test_162.jpg,55474
test_163.jpg,1755
test_164.jpg,1210
test_165.jpg,60
test_166.jpg,511
test_167.jpg,416
test_168.jpg,705
test_169.jpg,540
test_170.jpg,409
test_171.jpg,350
test_172.jpg,1161
test_173.jpg,107
test_174.jpg,229
test_175.jpg,592
test_176.jpg,241
test_177.jpg,613
test_178.jpg,579
test_179.jpg,0
test_180.jpg,423
test_181.jpg,453
test_182.jpg,593
test_183.jpg,504
test_184.jpg,759
test_185.jpg,849
test_186.jpg,816
test_187.jpg,773
test_188.jpg,1088
test_189.jpg,284
test_190.jpg,201
test_191.jpg,553
test_192.jpg,338
test_193.jpg,353
test_194.jpg,569
test_195.jpg,260
test_196.jpg,442
test_197.jpg,167
test_198.jpg,611
test_199.jpg,1053
test_200.jpg,653
test_201.jpg,225
test_202.jpg,706
test_203.jpg,125
test_204.jpg,542
test_205.jpg,38
test_206.jpg,226
test_207.jpg,724
test_208.jpg,622
test_209.jpg,48
test_210.jpg,1868
test_211.jpg,642
test_212.jpg,314
test_213.jpg,894
test_214.jpg,710
test_215.jpg,224
test_216.jpg,1310
test_217.jpg,83
test_218.jpg,511
test_219.jpg,665
test_220.jpg,568
test_221.jpg,558
test_222.jpg,629
test_223.jpg,375
test_224.jpg,305
test_225.jpg,264
test_226.jpg,356
test_227.jpg,432
test_228.jpg,419
test_229.jpg,298
test_230.jpg,399
test_231.jpg,493
test_232.jpg,271
test_233.jpg,142
test_234.jpg,307
test_235.jpg,206
test_236.jpg,50
test_237.jpg,868
test_238.jpg,233
test_239.jpg,489
test_240.jpg,154
test_241.jpg,111
test_242.jpg,295
test_243.jpg,606
test_244.jpg,214
test_245.jpg,406
test_246.jpg,1007
test_247.jpg,777
test_248.jpg,535
test_249.jpg,269
test_250.jpg,357
test_251.jpg,96485
test_252.jpg,440
test_253.jpg,256
test_254.jpg,303
test_255.jpg,119
test_256.jpg,3152
test_257.jpg,539
test_258.jpg,652
test_259.jpg,507
test_260.jpg,378
test_261.jpg,955
test_262.jpg,259
test_263.jpg,247
test_264.jpg,119
test_265.jpg,52252
test_266.jpg,468
test_267.jpg,347
test_268.jpg,348
test_269.jpg,612
test_270.jpg,7
test_271.jpg,167
test_272.jpg,249
test_273.jpg,48
test_274.jpg,361
test_275.jpg,273
test_276.jpg,202
test_277.jpg,643
test_278.jpg,231
test_279.jpg,496
test_280.jpg,375
test_281.jpg,257
test_282.jpg,665
test_283.jpg,154
test_284.jpg,201
test_285.jpg,444
test_286.jpg,616
test_287.jpg,534
test_288.jpg,450
test_289.jpg,300
test_290.jpg,137
test_291.jpg,720
test_292.jpg,358
test_293.jpg,299
test_294.jpg,520
test_295.jpg,850
test_296.jpg,407
test_297.jpg,529
test_298.jpg,248
test_299.jpg,540
test_300.jpg,372
test_301.jpg,592
test_302.jpg,816
test_303.jpg,308
test_304.jpg,1004
test_305.jpg,287
test_306.jpg,997
test_307.jpg,298
test_308.jpg,229
test_309.jpg,429
test_310.jpg,433
test_311.jpg,315
test_312.jpg,1120
test_313.jpg,348
test_314.jpg,433
test_315.jpg,86
test_316.jpg,632
test_317.jpg,1052
test_318.jpg,465
test_319.jpg,283
test_320.jpg,0
test_321.jpg,929
test_322.jpg,121
test_323.jpg,429
test_324.jpg,108
test_325.jpg,478
test_326.jpg,515
test_327.jpg,185
test_328.jpg,444
test_329.jpg,763
test_330.jpg,572
test_331.jpg,124
test_332.jpg,194
test_333.jpg,512
test_334.jpg,529
test_335.jpg,735
test_336.jpg,342
test_337.jpg,959
test_338.jpg,655
test_339.jpg,449
test_340.jpg,1197
test_341.jpg,167
test_342.jpg,253
test_343.jpg,6
test_344.jpg,426
test_345.jpg,811
test_346.jpg,492
test_347.jpg,71
test_348.jpg,559
test_349.jpg,644
test_350.jpg,783
test_351.jpg,157
test_352.jpg,547
test_353.jpg,834
test_354.jpg,7
test_355.jpg,191
test_356.jpg,389
test_357.jpg,811
test_358.jpg,567
test_359.jpg,266
test_360.jpg,474
test_361.jpg,599
test_362.jpg,133
test_363.jpg,597
test_364.jpg,357
test_365.jpg,599
test_366.jpg,634
test_367.jpg,5308
test_368.jpg,136
test_369.jpg,152
test_370.jpg,404
test_371.jpg,737
test_372.jpg,55584
test_373.jpg,862
test_374.jpg,23
test_375.jpg,163
test_376.jpg,1193
test_377.jpg,36
test_378.jpg,131
test_379.jpg,1231
test_380.jpg,92795
test_381.jpg,383
test_382.jpg,44
test_383.jpg,131
test_384.jpg,213
test_385.jpg,745
test_386.jpg,131
test_387.jpg,110
test_388.jpg,138
test_389.jpg,2318
test_390.jpg,148
test_391.jpg,132
test_392.jpg,20
test_393.jpg,1
test_394.jpg,58
test_395.jpg,0
test_396.jpg,141
test_397.jpg,47
test_398.jpg,3152
test_399.jpg,8
test_400.jpg,287
test_401.jpg,267
test_402.jpg,69628
test_403.jpg,263
test_404.jpg,468
test_405.jpg,123
test_406.jpg,68
test_407.jpg,976
test_408.jpg,246
test_409.jpg,617
test_410.jpg,84430
test_411.jpg,144
test_412.jpg,202
test_413.jpg,466
test_414.jpg,151
test_415.jpg,422
test_416.jpg,1268
test_417.jpg,83766
test_418.jpg,334
test_419.jpg,33
test_420.jpg,1719
test_421.jpg,8201
test_422.jpg,11493
test_423.jpg,163
test_424.jpg,159
test_425.jpg,184
test_426.jpg,723
test_427.jpg,193
test_428.jpg,472
test_429.jpg,153
test_430.jpg,9
test_431.jpg,623
test_432.jpg,71
test_433.jpg,91130
test_434.jpg,450
test_435.jpg,319
test_436.jpg,3
test_437.jpg,99
test_438.jpg,372
test_439.jpg,385
test_440.jpg,480
test_441.jpg,286
test_442.jpg,291
test_443.jpg,442
test_444.jpg,85796
test_445.jpg,12
test_446.jpg,543
test_447.jpg,347
test_448.jpg,417
test_449.jpg,2165
test_450.jpg,124
test_451.jpg,51915
test_452.jpg,336
test_453.jpg,807
test_454.jpg,138
test_455.jpg,217
test_456.jpg,406
test_457.jpg,83
test_458.jpg,182
test_459.jpg,17
test_460.jpg,507
test_461.jpg,0
test_462.jpg,4
test_463.jpg,191
test_464.jpg,143
test_465.jpg,361
test_466.jpg,403
test_467.jpg,3142
test_468.jpg,427
test_469.jpg,193
test_470.jpg,233
test_471.jpg,420
test_472.jpg,872
test_473.jpg,309
test_474.jpg,183
test_475.jpg,665
test_476.jpg,150
test_477.jpg,314
test_478.jpg,514
test_479.jpg,227
test_480.jpg,1734
test_481.jpg,427
test_482.jpg,624
test_483.jpg,1080
test_484.jpg,684
test_485.jpg,401
test_486.jpg,376
test_487.jpg,311
test_488.jpg,392
test_489.jpg,511
test_490.jpg,240
test_491.jpg,498
test_492.jpg,1281
test_493.jpg,896
test_494.jpg,314
test_495.jpg,408
test_496.jpg,675
test_497.jpg,345
test_498.jpg,320
test_499.jpg,406
test_500.jpg,323
